,star_rating,title,content_rating,genre,duration
0,9.3,The Shawshank Redemption,R,Crime,142
1,9.2,The Godfather,R,Crime,175
2,9.1,The Godfather: Part II,R,Crime,200
3,9.0,The Dark Knight,PG-13,Action,152
4,8.9,Pulp Fiction,R,Crime,154
5,8.9,12 Angry Men,NOT RATED,Drama,96
6,8.9,"The Good, the Bad and the Ugly",NOT RATED,Western,161
7,8.9,The Lord of the Rings: The Return of the King,PG-13,Adventure,201
8,8.9,Schindler's List,R,Biography,195
9,8.9,Fight Club,R,Drama,139
10,8.8,The Lord of the Rings: The Fellowship of the Ring,PG-13,Adventure,178
11,8.8,Inception,PG-13,Action,148
12,8.8,Star Wars: Episode V - The Empire Strikes Back,PG,Action,124
13,8.8,Forrest Gump,PG-13,Drama,142
14,8.8,The Lord of the Rings: The Two Towers,PG-13,Adventure,179
15,8.7,Interstellar,PG-13,Adventure,169
16,8.7,One Flew Over the Cuckoo's Nest,R,Drama,133
17,8.7,Seven Samurai,UNRATED,Drama,207
18,8.7,Goodfellas,R,Biography,146
19,8.7,Star Wars,PG,Action,121
20,8.7,The Matrix,R,Action,136
21,8.7,City of God,R,Crime,130
22,8.7,It's a Wonderful Life,APPROVED,Drama,130
23,8.7,The Usual Suspects,R,Crime,106
24,8.7,Se7en,R,Drama,127
25,8.6,Life Is Beautiful,PG-13,Comedy,116
26,8.6,Once Upon a Time in the West,PG-13,Western,175
27,8.6,The Silence of the Lambs,R,Drama,118
28,8.6,Leon: The Professional,R,Crime,110
29,8.6,City Lights,PASSED,Comedy,87
30,8.6,Spirited Away,PG,Animation,125
31,8.6,The Intouchables,R,Biography,112
32,8.6,Casablanca,PG,Drama,102
33,8.6,Whiplash,R,Drama,107
34,8.6,American History X,R,Crime,119
35,8.6,Modern Times,G,Comedy,87
36,8.6,Saving Private Ryan,R,Action,169
37,8.6,Raiders of the Lost Ark,PG,Action,115
38,8.6,Rear Window,APPROVED,Mystery,112
39,8.6,Psycho,R,Horror,109
40,8.5,The Green Mile,R,Crime,189
41,8.5,Sunset Blvd.,NOT RATED,Drama,110
42,8.5,The Pianist,R,Biography,150
43,8.5,The Dark Knight Rises,PG-13,Action,165
44,8.5,Gladiator,R,Action,155
45,8.5,Terminator 2: Judgment Day,R,Action,137
46,8.5,Memento,R,Mystery,113
47,8.5,Taare Zameen Par,PG,Drama,165
48,8.5,Dr. Strangelove or: How I Learned to Stop Worrying and Love the Bomb,PG,Comedy,95
49,8.5,The Departed,R,Crime,151
50,8.5,Cinema Paradiso,R,Drama,155
51,8.5,Apocalypse Now,R,Drama,153
52,8.5,The Great Dictator,APPROVED,Comedy,125
53,8.5,The Prestige,PG-13,Drama,130
54,8.5,Back to the Future,PG,Adventure,116
55,8.5,The Lion King,G,Animation,89
56,8.5,The Lives of Others,R,Drama,137
57,8.5,Alien,R,Horror,117
58,8.5,Paths of Glory,APPROVED,Drama,88
59,8.5,Django Unchained,R,Western,165
60,8.5,3 Idiots,PG-13,Comedy,170
61,8.5,Grave of the Fireflies,UNRATED,Animation,89
62,8.5,The Shining,R,Horror,146
63,8.4,M,NOT RATED,Crime,99
64,8.4,WALL-E,G,Animation,98
65,8.4,Witness for the Prosecution,APPROVED,Crime,116
66,8.4,Munna Bhai M.B.B.S.,NOT RATED,Comedy,156
67,8.4,American Beauty,R,Drama,122
68,8.4,Das Boot,R,Adventure,149
69,8.4,Princess Mononoke,PG-13,Animation,134
70,8.4,Amelie,R,Comedy,122
71,8.4,North by Northwest,APPROVED,Adventure,136
72,8.4,Rang De Basanti,NOT RATED,Drama,157
73,8.4,Jodaeiye Nader az Simin,PG-13,Drama,123
74,8.4,Citizen Kane,APPROVED,Drama,119
75,8.4,Aliens,R,Action,137
76,8.4,Vertigo,APPROVED,Mystery,128
77,8.4,Oldeuboi,R,Drama,120
78,8.4,Once Upon a Time in America,R,Crime,229
79,8.4,Double Indemnity,PASSED,Crime,107
80,8.4,Star Wars: Episode VI - Return of the Jedi,PG,Action,134
81,8.4,Toy Story 3,G,Animation,103
82,8.4,Braveheart,R,Action,177
83,8.4,To Kill a Mockingbird,NOT RATED,Drama,129
84,8.4,Requiem for a Dream,R,Drama,102
85,8.4,Lawrence of Arabia,PG,Adventure,216
86,8.4,A Clockwork Orange,X,Crime,136
87,8.4,Bicycle Thieves,NOT RATED,Drama,93
88,8.4,The Kid,NOT RATED,Comedy,68
89,8.4,Swades,NOT RATED,Drama,189
90,8.4,Reservoir Dogs,R,Crime,99
91,8.4,Eternal Sunshine of the Spotless Mind,R,Drama,108
92,8.4,Taxi Driver,R,Crime,113
93,8.4,Dilwale Dulhania Le Jayenge,NOT RATED,Comedy,181
94,8.4,Singin' in the Rain,APPROVED,Comedy,103
95,8.4,All About Eve,APPROVED,Drama,138
96,8.4,Yojimbo,UNRATED,Action,110
97,8.4,The Sting,PG,Comedy,129
98,8.4,Rashomon,UNRATED,Crime,88
99,8.4,Amadeus,R,Biography,160
100,8.3,The Treasure of the Sierra Madre,NOT RATED,Action,126
101,8.3,Monty Python and the Holy Grail,PG,Adventure,91
102,8.3,Full Metal Jacket,R,Drama,116
103,8.3,The Apartment,APPROVED,Comedy,125
104,8.3,Ikiru,NOT RATED,Drama,143
105,8.3,The Third Man,NOT RATED,Film-Noir,93
106,8.3,Snatch.,R,Comedy,102
107,8.3,For a Few Dollars More,APPROVED,Western,132
108,8.3,Metropolis,NOT RATED,Drama,153
109,8.3,Dil Chahta Hai,NOT RATED,Comedy,183
110,8.3,2001: A Space Odyssey,G,Mystery,160
111,8.3,Some Like It Hot,NOT RATED,Comedy,120
112,8.3,L.A. Confidential,R,Crime,138
113,8.3,Batman Begins,PG-13,Action,140
114,8.3,Inglourious Basterds,R,Adventure,153
115,8.3,Scarface,R,Crime,170
116,8.3,Mr. Smith Goes to Washington,NOT RATED,Drama,129
117,8.3,Toy Story,G,Animation,81
118,8.3,Indiana Jones and the Last Crusade,PG-13,Action,127
119,8.3,Unforgiven,R,Western,131
120,8.3,The Great Escape,UNRATED,Adventure,172
121,8.3,Jagten,R,Drama,115
122,8.3,On the Waterfront,NOT RATED,Crime,108
123,8.3,The General,UNRATED,Action,107
124,8.3,Raging Bull,R,Biography,129
125,8.3,Downfall,R,Biography,156
126,8.3,Up,PG,Animation,96
127,8.3,Wild Strawberries,UNRATED,Drama,91
128,8.3,The Gold Rush,NOT RATED,Adventure,95
129,8.3,Ran,R,Action,162
130,8.3,Chinatown,R,Drama,130
131,8.3,My Neighbor Totoro,G,Animation,86
132,8.3,Judgment at Nuremberg,NOT RATED,Drama,186
133,8.3,Barfi!,NOT RATED,Adventure,151
134,8.3,The Seventh Seal,NOT RATED,Drama,96
135,8.3,Heat,R,Action,170
136,8.3,Pan's Labyrinth,R,Drama,118
137,8.3,The Bridge on the River Kwai,PG,Adventure,161
138,8.3,Die Hard,R,Action,131
139,8.3,Good Will Hunting,R,Drama,126
140,8.3,The Wages of Fear,NOT RATED,Adventure,131
141,8.3,The Secret in Their Eyes,R,Drama,129
142,8.3,Lagaan: Once Upon a Time in India,PG,Adventure,224
143,8.2,The Wolf of Wall Street,R,Biography,180
144,8.2,It Happened One Night,UNRATED,Comedy,105
145,8.2,Blade Runner,R,Sci-Fi,117
146,8.2,Warrior,PG-13,Drama,140
147,8.2,Howl's Moving Castle,PG,Animation,119
148,8.2,The Elephant Man,PG,Biography,124
149,8.2,Rebecca,NOT RATED,Mystery,130
150,8.2,Incendies,R,Drama,139
151,8.2,"Lock, Stock and Two Smoking Barrels",R,Comedy,107
152,8.2,V for Vendetta,R,Action,132
153,8.2,The Big Lebowski,R,Comedy,117
154,8.2,Cool Hand Luke,PG,Crime,126
155,8.2,Relatos salvajes,R,Comedy,122
156,8.2,Casino,R,Biography,178
157,8.2,Gone with the Wind,G,Drama,238
158,8.2,Gone Girl,R,Drama,149
159,8.2,The Best Years of Our Lives,PASSED,Drama,172
160,8.2,How to Train Your Dragon,PG,Animation,98
161,8.2,Diabolique,UNRATED,Horror,116
162,8.2,Gran Torino,R,Drama,116
163,8.2,Rush,R,Action,123
164,8.2,Into the Wild,R,Adventure,148
165,8.2,My Sassy Girl,NOT RATED,Comedy,123
166,8.2,The Deer Hunter,R,Drama,182
167,8.2,Mary and Max,NOT RATED,Animation,92
168,8.2,Hachi: A Dog's Tale,G,Drama,93
169,8.2,The Maltese Falcon,NOT RATED,Crime,100
170,8.2,A Beautiful Mind,PG-13,Biography,135
171,8.2,Dial M for Murder,PG,Crime,105
172,8.2,Trainspotting,R,Drama,94
173,8.2,Tae Guk Gi: The Brotherhood of War,R,Action,140
174,8.2,Persona,NOT RATED,Drama,83
175,8.2,Touch of Evil,PG-13,Crime,95
176,8.2,Fargo,R,Crime,98
177,8.2,The Avengers,PG-13,Action,143
178,8.2,The 400 Blows,NOT RATED,Crime,99
179,8.2,The Princess Bride,PG,Adventure,98
180,8.2,Hotel Rwanda,PG-13,Drama,121
181,8.2,Stalker,NOT RATED,Drama,163
182,8.2,The Battle of Algiers,NOT RATED,Crime,121
183,8.2,Underground,NOT RATED,Comedy,167
184,8.2,Fanny and Alexander,R,Drama,188
185,8.2,Network,R,Drama,121
186,8.2,The Thing,R,Horror,109
187,8.2,Butch Cassidy and the Sundance Kid,,Biography,110
188,8.2,The Grapes of Wrath,NOT RATED,Drama,129
189,8.2,"Black Cat, White Cat",R,Comedy,127
190,8.2,Life of Brian,R,Comedy,94
191,8.2,The Sixth Sense,PG-13,Drama,107
192,8.2,Finding Nemo,G,Animation,100
193,8.2,Nausicaa of the Valley of the Wind,PG,Animation,117
194,8.1,Kingsman: The Secret Service,R,Action,129
195,8.1,Platoon,R,Drama,120
196,8.1,Guardians of the Galaxy,PG-13,Action,121
197,8.1,In the Name of the Father,R,Biography,133
198,8.1,Kill Bill: Vol. 1,R,Action,111
199,8.1,No Country for Old Men,R,Crime,122
200,8.1,Le Samourai,PG,Crime,101
201,8.1,12 Years a Slave,R,Biography,134
202,8.1,La leggenda del pianista sull'oceano,R,Drama,165
203,8.1,8 1/2,NOT RATED,Drama,138
204,8.1,Ben-Hur,G,Adventure,212
205,8.1,Amores Perros,R,Drama,154
206,8.1,Stand by Me,R,Adventure,89
207,8.1,What Ever Happened to Baby Jane?,APPROVED,Drama,134
208,8.1,Annie Hall,PG,Comedy,93
209,8.1,The Imitation Game,PG-13,Biography,114
210,8.1,Laura,APPROVED,Film-Noir,88
211,8.1,Departures,PG-13,Drama,130
212,8.1,Infernal Affairs,R,Crime,101
213,8.1,There Will Be Blood,R,Drama,158
214,8.1,The Grand Budapest Hotel,R,Adventure,99
215,8.1,La Strada,NOT RATED,Drama,108
216,8.1,Sin City,R,Crime,124
217,8.1,Memories of Murder,UNRATED,Crime,132
218,8.1,Donnie Darko,R,Drama,113
219,8.1,Who's Afraid of Virginia Woolf?,TV-MA,Drama,131
220,8.1,Gandhi,PG,Biography,191
221,8.1,Solaris,PG,Drama,167
222,8.1,Harry Potter and the Deathly Hallows: Part 2,PG-13,Adventure,130
223,8.1,"Paris, Texas",R,Drama,147
224,8.1,The Wizard of Oz,PASSED,Adventure,102
225,8.1,3-Iron,R,Crime,88
226,8.1,Boyhood,R,Drama,165
227,8.1,Million Dollar Baby,PG-13,Drama,132
228,8.1,The Last Picture Show,R,Drama,118
229,8.1,Strangers on a Train,APPROVED,Crime,101
230,8.1,Cat on a Hot Tin Roof,APPROVED,Drama,108
231,8.1,La Dolce Vita,NOT RATED,Comedy,174
232,8.1,Chungking Express,PG-13,Drama,98
233,8.1,The Night of the Hunter,APPROVED,Crime,92
234,8.1,La Haine,NOT RATED,Crime,98
235,8.1,Yip Man,R,Action,106
236,8.1,High Noon,PG,Western,85
237,8.1,Notorious,APPROVED,Drama,101
238,8.1,Before Sunrise,R,Drama,105
239,8.1,Elite Squad: The Enemy Within,UNRATED,Action,115
240,8.1,The Bourne Ultimatum,PG-13,Action,115
241,8.1,Castle in the Sky,PG,Animation,124
242,8.1,The Celebration,R,Drama,105
243,8.1,"Spring, Summer, Fall, Winter... and Spring",R,Drama,103
244,8.1,Shutter Island,R,Mystery,138
245,8.1,Barry Lyndon,PG,Adventure,184
246,8.1,Stalag 17,NOT RATED,Comedy,120
247,8.1,Three Colors: Red,R,Drama,99
248,8.1,X-Men: Days of Future Past,PG-13,Action,131
249,8.1,Sleuth,PG,Mystery,138
250,8.1,In the Mood for Love,PG,Drama,98
251,8.1,The Man Who Shot Liberty Valance,APPROVED,Drama,123
252,8.1,Arsenic and Old Lace,NOT RATED,Comedy,118
253,8.1,The Big Sleep,APPROVED,Crime,114
254,8.1,Roman Holiday,NOT RATED,Comedy,118
255,8.1,The Philadelphia Story,NOT RATED,Comedy,112
256,8.1,Akira,R,Animation,124
257,8.1,Anatomy of a Murder,UNRATED,Crime,160
258,8.1,The Cabinet of Dr. Caligari,UNRATED,Crime,67
259,8.1,The Help,PG-13,Drama,146
260,8.1,The Sea Inside,PG-13,Biography,125
261,8.1,Elite Squad,R,Action,115
262,8.1,The Hustler,UNRATED,Drama,134
263,8.1,Rio Bravo,NOT RATED,Western,141
264,8.1,Twelve Monkeys,R,Mystery,129
265,8.1,Harvey,NOT RATED,Comedy,104
266,8.1,A Christmas Story,PG,Comedy,94
267,8.1,Jaws,PG,Drama,124
268,8.1,The Raid 2,R,Action,150
269,8.1,Rocky,PG,Drama,119
270,8.1,Wings of Desire,PG-13,Drama,128
271,8.1,Pirates of the Caribbean: The Curse of the Black Pearl,PG-13,Adventure,143
272,8.1,The Killing,APPROVED,Crime,85
273,8.1,Papillon,R,Biography,151
274,8.1,The King's Speech,R,Biography,118
275,8.1,Groundhog Day,PG,Comedy,101
276,8.1,A Fistful of Dollars,R,Action,99
277,8.1,"Monsters, Inc.",G,Animation,92
278,8.1,Dog Day Afternoon,R,Crime,125
279,8.1,The Perks of Being a Wallflower,PG-13,Drama,102
280,8.1,Young Frankenstein,PG,Comedy,106
281,8.1,The Terminator,R,Action,107
282,8.1,Harold and Maude,GP,Comedy,91
283,8.1,Before Sunset,R,Drama,80
284,8.1,A Streetcar Named Desire,PG,Drama,122
285,8.1,Bringing Up Baby,APPROVED,Comedy,102
286,8.1,The Diving Bell and the Butterfly,PG-13,Biography,112
287,8.1,His Girl Friday,APPROVED,Comedy,92
288,8.1,Sling Blade,R,Drama,135
289,8.1,All Quiet on the Western Front,UNRATED,Drama,136
290,8.1,Prisoners,R,Crime,153
291,8.1,The Return,UNRATED,Drama,105
292,8.1,The Manchurian Candidate,APPROVED,Mystery,126
293,8.1,Duck Soup,PASSED,Comedy,68
294,8.1,Beauty and the Beast,G,Animation,84
295,8.1,The Truman Show,PG,Drama,103
296,8.1,The Wild Bunch,R,Action,145
297,8.0,Rope,PG,Crime,80
298,8.0,The Graduate,APPROVED,Comedy,106
299,8.0,Jurassic Park,PG-13,Adventure,127
300,8.0,Dogville,R,Crime,178
301,8.0,Furious 7,PG-13,Action,137
302,8.0,Patton,GP,Biography,172
303,8.0,The Nightmare Before Christmas,PG,Animation,76
304,8.0,Being There,PG,Comedy,130
305,8.0,Persepolis,PG-13,Animation,96
306,8.0,This Is Spinal Tap,R,Comedy,82
307,8.0,East of Eden,PG,Drama,115
308,8.0,Pink Floyd The Wall,R,Animation,95
309,8.0,Blood Diamond,R,Adventure,143
310,8.0,Big Fish,PG-13,Adventure,125
311,8.0,Slumdog Millionaire,R,Drama,120
312,8.0,Star Trek,PG-13,Action,127
313,8.0,The Straight Story,G,Biography,112
314,8.0,Crimes and Misdemeanors,PG-13,Comedy,104
315,8.0,Charade,NOT RATED,Comedy,113
316,8.0,JFK,R,Drama,189
317,8.0,Dawn of the Dead,UNRATED,Horror,127
318,8.0,Magnolia,R,Drama,188
319,8.0,Manhattan,R,Comedy,96
320,8.0,Central Station,R,Drama,113
321,8.0,Brazil,R,Sci-Fi,132
322,8.0,The Exorcist,R,Horror,122
323,8.0,Her,R,Drama,126
324,8.0,Dancer in the Dark,R,Crime,140
325,8.0,Rain Man,R,Drama,133
326,8.0,Talk to Her,R,Drama,112
327,8.0,The Adventures of Robin Hood,PG,Action,102
328,8.0,"Aguirre, the Wrath of God",NOT RATED,Adventure,93
329,8.0,In the Heat of the Night,APPROVED,Crime,109
330,8.0,Nosferatu,UNRATED,Horror,81
331,8.0,Black Swan,R,Drama,108
332,8.0,Ratatouille,G,Animation,111
333,8.0,The Searchers,APPROVED,Adventure,119
334,8.0,Short Term 12,R,Drama,96
335,8.0,Doctor Zhivago,PG-13,Drama,197
336,8.0,Life of Pi,PG,Adventure,127
337,8.0,All the President's Men,R,Drama,138
338,8.0,Battleship Potemkin,UNRATED,History,66
339,8.0,Dances with Wolves,PG-13,Adventure,181
340,8.0,Catch Me If You Can,PG-13,Biography,141
341,8.0,Cinderella Man,PG-13,Biography,144
342,8.0,Dead Poets Society,PG,Drama,128
343,8.0,Ghost in the Shell,NOT RATED,Animation,83
344,8.0,Head-On,R,Drama,121
345,8.0,No Man's Land,R,Drama,98
346,8.0,Dallas Buyers Club,R,Biography,117
347,8.0,Days of Heaven,PG,Drama,94
348,8.0,The Sound of Music,G,Biography,174
349,8.0,District 9,R,Action,112
350,8.0,Shadow of a Doubt,APPROVED,Thriller,108
351,8.0,Frankenstein,UNRATED,Horror,70
352,8.0,Shaun of the Dead,R,Comedy,99
353,8.0,Night of the Living Dead,UNRATED,Horror,96
354,8.0,Kill Bill: Vol. 2,R,Action,137
355,8.0,Secrets & Lies,R,Drama,136
356,8.0,The Artist,PG-13,Comedy,100
357,8.0,Aladdin,G,Animation,90
358,8.0,The Lady Vanishes,PASSED,Comedy,96
359,8.0,The Hobbit: The Desolation of Smaug,PG-13,Adventure,161
360,8.0,Let the Right One In,R,Drama,115
361,8.0,Fiddler on the Roof,G,Drama,181
362,8.0,The Hobbit: An Unexpected Journey,PG-13,Adventure,169
363,8.0,Three Colors: Blue,R,Drama,98
364,8.0,Rosemary's Baby,R,Drama,136
365,8.0,Mystic River,R,Crime,138
366,8.0,Serenity,PG-13,Action,119
367,8.0,Amarcord,R,Comedy,123
368,8.0,Planet of the Apes,G,Adventure,112
369,8.0,True Romance,R,Crime,120
370,8.0,Hannah and Her Sisters,PG-13,Comedy,103
371,8.0,Moon,R,Drama,97
372,8.0,Before Midnight,R,Drama,109
373,8.0,My Name Is Khan,PG-13,Drama,165
374,8.0,Scent of a Woman,R,Drama,156
375,8.0,Mulholland Dr.,R,Drama,147
376,8.0,King Kong,UNRATED,Adventure,100
377,8.0,The Fault in Our Stars,PG-13,Drama,126
378,8.0,The Incredibles,PG,Animation,115
379,8.0,Edward Scissorhands,PG-13,Drama,105
380,8.0,Casino Royale,PG-13,Action,144
381,8.0,How to Train Your Dragon 2,PG,Animation,102
382,8.0,In Bruges,R,Comedy,107
383,8.0,The Untouchables,R,Crime,119
384,8.0,Breathless,UNRATED,Crime,90
385,8.0,Spartacus,PG-13,Action,197
386,8.0,The Iron Giant,PG,Animation,86
387,8.0,Midnight Cowboy,X,Drama,113
388,8.0,The Blues Brothers,R,Action,133
389,8.0,Freaks,UNRATED,Drama,64
390,8.0,Letters from Iwo Jima,R,Drama,141
391,8.0,Edge of Tomorrow,PG-13,Action,113
392,8.0,Glory,R,Drama,122
393,8.0,The African Queen,PG,Adventure,105
394,7.9,Birdman: Or (The Unexpected Virtue of Ignorance),R,Comedy,119
395,7.9,Big Hero 6,PG,Animation,102
396,7.9,Almost Famous,R,Drama,122
397,7.9,The Notebook,PG-13,Drama,123
398,7.9,The Conversation,PG,Drama,113
399,7.9,The Breakfast Club,R,Comedy,97
400,7.9,The Pursuit of Happyness,PG-13,Biography,117
401,7.9,The Killer,R,Action,111
402,7.9,Once,R,Drama,85
403,7.9,Ying xiong,PG-13,Action,99
404,7.9,The Remains of the Day,PG,Drama,134
405,7.9,The Bride of Frankenstein,NOT RATED,Horror,75
406,7.9,The Wrestler,R,Drama,109
407,7.9,Nightcrawler,R,Crime,117
408,7.9,Gravity,PG-13,Sci-Fi,91
409,7.9,Hard Boiled,R,Action,128
410,7.9,Bonnie and Clyde,APPROVED,Biography,111
411,7.9,The Bourne Identity,PG-13,Action,119
412,7.9,Key Largo,UNRATED,Crime,100
413,7.9,Nine Queens,R,Crime,114
414,7.9,Toy Story 2,G,Animation,92
415,7.9,The Killing Fields,R,Drama,141
416,7.9,All About My Mother,R,Drama,101
417,7.9,Cowboy Bebop: The Movie,R,Animation,115
418,7.9,Ed Wood,R,Biography,127
419,7.9,Stagecoach,NOT RATED,Adventure,96
420,7.9,The Man Who Would Be King,PG,Action,129
421,7.9,The Outlaw Josey Wales,PG,Western,135
422,7.9,Children of Men,R,Drama,109
423,7.9,The Insider,R,Biography,157
424,7.9,The Right Stuff,R,Adventure,193
425,7.9,Badlands,PG,Crime,94
426,7.9,A Prophet,R,Crime,155
427,7.9,"4 Months, 3 Weeks and 2 Days",NOT RATED,Drama,113
428,7.9,Le passe,PG-13,Drama,130
429,7.9,The Fall,R,Adventure,117
430,7.9,Breaking the Waves,R,Drama,159
431,7.9,Mr. Nobody,R,Drama,141
432,7.9,Crash,R,Drama,112
433,7.9,Avatar,PG-13,Action,162
434,7.9,Iron Man,PG-13,Action,126
435,7.9,Do the Right Thing,R,Comedy,120
436,7.9,Carlito's Way,R,Crime,144
437,7.9,"Crouching Tiger, Hidden Dragon",PG-13,Action,120
438,7.9,Lilya 4-Ever,R,Crime,109
439,7.9,The Chorus,PG-13,Drama,97
440,7.9,The Boondock Saints,R,Action,108
441,7.9,Miller's Crossing,R,Crime,115
442,7.9,Walk the Line,PG-13,Biography,136
443,7.9,Shrek,PG,Animation,90
444,7.9,My Fair Lady,APPROVED,Drama,170
445,7.9,The Ten Commandments,APPROVED,Adventure,220
446,7.9,The Fighter,R,Biography,116
447,7.9,Captain Phillips,PG-13,Biography,134
448,7.9,Cabaret,PG,Drama,124
449,7.9,Halloween,R,Drama,91
450,7.9,My Left Foot,R,Biography,103
451,7.9,Miracle on 34th Street,APPROVED,Comedy,96
452,7.9,The Man from Nowhere,R,Action,119
453,7.9,Toki o kakeru shojo,NOT RATED,Animation,98
454,7.9,Little Miss Sunshine,R,Adventure,101
455,7.9,Taken,PG-13,Action,93
456,7.9,Blue Is the Warmest Color,NC-17,Drama,179
457,7.9,Boogie Nights,R,Drama,155
458,7.9,Hot Fuzz,R,Comedy,121
459,7.9,Ferris Bueller's Day Off,PG-13,Comedy,103
460,7.9,The World's Fastest Indian,PG-13,Biography,127
461,7.9,Kiki's Delivery Service,G,Animation,103
462,7.9,Down by Law,R,Comedy,107
463,7.9,Glengarry Glen Ross,R,Drama,100
464,7.9,Clerks,R,Comedy,92
465,7.9,Adam's Apples,R,Comedy,94
466,7.9,The Girl with the Dragon Tattoo,R,Crime,158
467,7.9,The 39 Steps,UNRATED,Mystery,86
468,7.9,E.T. the Extra-Terrestrial,PG,Family,115
469,7.8,Tombstone,R,Action,130
470,7.8,Predator,R,Action,107
471,7.8,Tangled,PG,Animation,100
472,7.8,Guess Who's Coming to Dinner,UNRATED,Comedy,108
473,7.8,Ordinary People,R,Drama,124
474,7.8,The Best Offer,R,Crime,131
475,7.8,Silver Linings Playbook,R,Comedy,122
476,7.8,Hamlet,PG-13,Drama,242
477,7.8,Amour,PG-13,Drama,127
478,7.8,I Saw the Devil,NOT RATED,Crime,141
479,7.8,The Motorcycle Diaries,R,Adventure,126
480,7.8,Office Space,R,Comedy,89
481,7.8,Evil,NOT RATED,Drama,113
482,7.8,The Girl with the Dragon Tattoo,R,Crime,152
483,7.8,Withnail & I,R,Comedy,107
484,7.8,The Day the Earth Stood Still,APPROVED,Sci-Fi,92
485,7.8,Black Book,R,Drama,145
486,7.8,Evil Dead II,X,Comedy,84
487,7.8,Kaze tachinu,PG-13,Animation,126
488,7.8,Star Trek Into Darkness,PG-13,Action,132
489,7.8,The Triplets of Belleville,PG-13,Animation,78
490,7.8,Open Your Eyes,R,Drama,117
491,7.8,The Magnificent Seven,NOT RATED,Action,128
492,7.8,Drive,R,Crime,100
493,7.8,Mississippi Burning,R,Crime,128
494,7.8,The Lego Movie,PG,Animation,100
495,7.8,The Day of the Jackal,PG,Crime,143
496,7.8,Misery,R,Thriller,107
497,7.8,Willy Wonka & the Chocolate Factory,G,Family,100
498,7.8,Fantasia,G,Animation,125
499,7.8,Gattaca,PG-13,Drama,106
500,7.8,American Gangster,R,Biography,157
501,7.8,Porco Rosso,PG,Animation,94
502,7.8,The French Connection,R,Action,104
503,7.8,The Boy in the Striped Pajamas,PG-13,Drama,94
504,7.8,Empire of the Sun,PG,Drama,153
505,7.8,About Time,R,Drama,123
506,7.8,Blue Velvet,R,Crime,120
507,7.8,In America,PG-13,Drama,105
508,7.8,The Curious Case of Benjamin Button,PG-13,Drama,166
509,7.8,The Last of the Mohicans,R,Action,112
510,7.8,Moonrise Kingdom,PG-13,Adventure,94
511,7.8,Rebel Without a Cause,PG-13,Drama,111
512,7.8,Fantastic Mr. Fox,PG,Animation,87
513,7.8,Invasion of the Body Snatchers,APPROVED,Horror,80
514,7.8,October Sky,PG,Biography,108
515,7.8,Dirty Harry,R,Action,102
516,7.8,Ghostbusters,PG,Comedy,105
517,7.8,Captain America: The Winter Soldier,PG-13,Action,136
518,7.8,Wreck-It Ralph,PG,Animation,101
519,7.8,The Hangover,R,Comedy,100
520,7.8,Back to the Future Part II,PG,Adventure,108
521,7.8,Belle de Jour,APPROVED,Drama,101
522,7.8,"O Brother, Where Art Thou?",PG-13,Adventure,106
523,7.8,Repulsion,UNRATED,Drama,105
524,7.8,Airplane!,PG,Comedy,88
525,7.8,Pride & Prejudice,PG,Drama,129
526,7.8,Zulu,UNRATED,Drama,138
527,7.8,Night on Earth,R,Comedy,129
528,7.8,From Here to Eternity,NOT RATED,Drama,118
529,7.8,Apocalypto,R,Action,139
530,7.8,Atonement,R,Drama,123
531,7.8,The Dirty Dozen,NOT RATED,Action,150
532,7.8,X-Men: First Class,PG-13,Action,132
533,7.8,Run Lola Run,R,Action,80
534,7.8,The Longest Day,G,Action,178
535,7.8,Zelig,PG,Comedy,79
536,7.8,The Last Emperor,PG-13,Biography,163
537,7.8,The Goonies,PG,Adventure,114
538,7.8,The White Ribbon,R,Drama,144
539,7.8,The Fugitive,PG-13,Action,130
540,7.8,The Color Purple,PG-13,Drama,154
541,7.8,South Park: Bigger Longer & Uncut,R,Animation,81
542,7.8,(500) Days of Summer,PG-13,Comedy,95
543,7.8,Lost in Translation,R,Drama,101
544,7.8,Argo,R,Drama,120
545,7.8,Blazing Saddles,R,Comedy,93
546,7.8,Breakfast at Tiffany's,NOT RATED,Comedy,115
547,7.8,Finding Neverland,PG,Biography,106
548,7.8,The Experiment,R,Drama,120
549,7.8,Lucky Number Slevin,R,Crime,110
550,7.8,The Theory of Everything,PG-13,Biography,123
551,7.8,Harry Potter and the Prisoner of Azkaban,PG,Adventure,142
552,7.8,Kung Fu Hustle,R,Action,99
553,7.8,Being John Malkovich,R,Comedy,112
554,7.8,The Social Network,PG-13,Biography,120
555,7.8,3:10 to Yuma,R,Adventure,122
556,7.8,The Name of the Rose,R,Crime,130
557,7.8,Mary Poppins,APPROVED,Comedy,139
558,7.8,The Game,R,Drama,129
559,7.8,Changeling,R,Drama,141
560,7.8,Donnie Brasco,R,Biography,127
561,7.8,Serpico,R,Biography,130
562,7.8,What's Eating Gilbert Grape,PG-13,Drama,118
563,7.8,Goldfinger,APPROVED,Action,110
564,7.8,Nebraska,R,Adventure,115
565,7.8,The Sandlot,PG,Comedy,101
566,7.8,Boyz n the Hood,R,Crime,112
567,7.8,The Bourne Supremacy,PG-13,Action,108
568,7.8,Skyfall,PG-13,Action,143
569,7.8,Ray,PG-13,Biography,152
570,7.8,300,R,Action,117
571,7.8,A Bronx Tale,R,Crime,121
572,7.8,The Birds,PG-13,Horror,119
573,7.8,Battle Royale,NOT RATED,Action,114
574,7.8,Control,R,Biography,122
575,7.8,Kramer vs. Kramer,APPROVED,Drama,105
576,7.8,Deliverance,R,Adventure,110
577,7.8,Ocean's Eleven,PG-13,Crime,116
578,7.8,As Good as It Gets,PG-13,Comedy,139
579,7.8,Awakenings,PG-13,Biography,121
580,7.8,The King of Comedy,PG,Comedy,109
581,7.8,Man on Fire,R,Action,146
582,7.8,Sabrina,UNRATED,Comedy,113
583,7.8,Dark City,R,Mystery,100
584,7.8,Good Bye Lenin!,R,Comedy,121
585,7.7,Remember the Titans,PG,Biography,113
586,7.7,Star Trek II: The Wrath of Khan,PG,Action,113
587,7.7,Road to Perdition,R,Crime,117
588,7.7,Rushmore,R,Comedy,93
589,7.7,The Machinist,R,Drama,101
590,7.7,Flipped,PG,Comedy,90
591,7.7,The Count of Monte Cristo,PG-13,Action,131
592,7.7,Detachment,NOT RATED,Drama,98
593,7.7,Love Me If You Dare,R,Comedy,93
594,7.7,Dead Man,R,Drama,121
595,7.7,The Purple Rose of Cairo,PG,Comedy,82
596,7.7,21 Grams,R,Crime,124
597,7.7,50/50,R,Comedy,100
598,7.7,Kick-Ass,R,Action,117
599,7.7,Delicatessen,R,Comedy,99
600,7.7,Barton Fink,R,Drama,116
601,7.7,The Last King of Scotland,R,Biography,123
602,7.7,Adaptation.,R,Comedy,114
603,7.7,A Very Long Engagement,R,Drama,133
604,7.7,Mysterious Skin,NC-17,Drama,105
605,7.7,Stardust,PG-13,Adventure,127
606,7.7,Black Hawk Down,R,Drama,144
607,7.7,Paprika,R,Animation,90
608,7.7,Fear and Loathing in Las Vegas,R,Comedy,118
609,7.7,Frost/Nixon,R,Drama,122
610,7.7,Enter the Dragon,R,Action,102
611,7.7,Short Cuts,R,Comedy,187
612,7.7,A Hard Day's Night,APPROVED,Comedy,87
613,7.7,The Last Samurai,R,Action,154
614,7.7,The Station Agent,R,Comedy,89
615,7.7,Zombieland,R,Comedy,88
616,7.7,Sympathy for Mr. Vengeance,R,Crime,129
617,7.7,Despicable Me,PG,Animation,95
618,7.7,Shane,APPROVED,Drama,118
619,7.7,Forbidden Planet,PASSED,Action,98
620,7.7,Titanic,PG-13,Drama,194
621,7.7,Gone Baby Gone,R,Crime,114
622,7.7,The Dinner Game,PG-13,Comedy,80
623,7.7,Dawn of the Planet of the Apes,PG-13,Action,130
624,7.7,25th Hour,R,Crime,135
625,7.7,Ponyo,G,Animation,101
626,7.7,Shine,PG-13,Biography,105
627,7.7,The Blind Side,PG-13,Biography,129
628,7.7,Brokeback Mountain,R,Drama,134
629,7.7,Cast Away,PG-13,Adventure,143
630,7.7,Malcolm X,PG-13,Biography,202
631,7.7,Show Me Love,UNRATED,Comedy,89
632,7.7,Boy A,R,Drama,106
633,7.7,The Warriors,R,Action,92
634,7.7,Close Encounters of the Third Kind,PG,Drama,137
635,7.7,Match Point,R,Drama,124
636,7.7,Training Day,R,Crime,122
637,7.7,The Butterfly Effect,R,Sci-Fi,113
638,7.7,The City of Lost Children,R,Fantasy,112
639,7.7,Billy Elliot,PG-13,Comedy,110
640,7.7,Love Actually,R,Comedy,135
641,7.7,The Producers,PG,Comedy,88
642,7.7,Harry Potter and the Deathly Hallows: Part 1,PG-13,Adventure,146
643,7.7,The Visitor,PG-13,Drama,104
644,7.7,Philadelphia,PG-13,Drama,125
645,7.7,Sense and Sensibility,PG,Drama,131
646,7.7,Three Colors: White,R,Comedy,91
647,7.7,La grande bellezza,NOT RATED,Drama,142
648,7.7,Primal Fear,R,Crime,129
649,7.7,Where Eagles Dare,,Action,158
650,7.7,Dazed and Confused,R,Comedy,102
651,7.7,Blood Simple.,R,Crime,99
652,7.7,This Is England,UNRATED,Crime,101
653,7.7,Fearless,PG-13,Action,104
654,7.7,Dangerous Liaisons,R,Drama,119
655,7.7,Saw,R,Horror,103
656,7.7,Snow White and the Seven Dwarfs,APPROVED,Animation,88
657,7.7,Coraline,PG,Animation,100
658,7.7,The Hunger Games: Catching Fire,PG-13,Adventure,146
659,7.7,Sophie's Choice,R,Drama,150
660,7.7,La Vie en Rose,PG-13,Biography,140
661,7.7,Star Wars: Episode III - Revenge of the Sith,PG-13,Action,140
662,7.7,True Grit,PG-13,Adventure,110
663,7.7,After Hours,R,Comedy,97
664,7.7,Frozen,PG,Animation,102
665,7.7,Lolita,NOT RATED,Drama,152
666,7.7,Eastern Promises,R,Crime,100
667,7.7,Midnight in Paris,PG-13,Comedy,94
668,7.7,The Muppet Christmas Carol,G,Comedy,85
669,7.7,Who Framed Roger Rabbit,PG,Animation,104
670,7.7,Sympathy for Lady Vengeance,R,Crime,112
671,7.7,Grindhouse,R,Action,191
672,7.7,In a Better World,R,Drama,119
673,7.7,Blow-Up,NOT RATED,Drama,111
674,7.7,The Secret World of Arrietty,G,Animation,94
675,7.7,Kiss Kiss Bang Bang,R,Action,103
676,7.7,Lost Highway,R,Drama,134
677,7.7,Zodiac,R,Crime,157
678,7.7,Les Miserables,PG-13,Drama,158
679,7.7,Moulin Rouge!,PG-13,Drama,127
680,7.7,Whale Rider,PG-13,Drama,101
681,7.7,End of Watch,R,Crime,109
682,7.7,Philomena,PG-13,Biography,98
683,7.7,Fury,R,Action,134
684,7.7,The Big Blue,PG-13,Action,168
685,7.7,First Blood,R,Action,93
686,7.7,Minority Report,PG-13,Action,145
687,7.7,Spellbound,UNRATED,Film-Noir,111
688,7.7,The Wicker Man,R,Horror,88
689,7.7,Seven Pounds,PG-13,Drama,123
690,7.7,Midnight Express,R,Biography,121
691,7.7,Kelly's Heroes,GP,Action,144
692,7.7,MASH,R,Comedy,116
693,7.7,The Player,R,Comedy,124
694,7.7,Traffic,R,Crime,147
695,7.7,Y Tu Mama Tambien,R,Drama,106
696,7.7,Stranger Than Fiction,PG-13,Comedy,113
697,7.7,Inside Man,R,Crime,129
698,7.6,127 Hours,R,Adventure,94
699,7.6,The Fifth Element,PG-13,Action,126
700,7.6,Milk,R,Biography,128
701,7.6,United 93,R,Action,111
702,7.6,Jin ling shi san chai,R,Drama,146
703,7.6,Dracula,APPROVED,Horror,85
704,7.6,High Plains Drifter,R,Western,105
705,7.6,I Am Sam,PG-13,Drama,132
706,7.6,Fried Green Tomatoes,PG-13,Drama,130
707,7.6,Watchmen,R,Action,162
708,7.6,28 Days Later...,R,Horror,113
709,7.6,The Illusionist,PG-13,Drama,110
710,7.6,Superbad,R,Comedy,113
711,7.6,The Godfather: Part III,R,Crime,162
712,7.6,The Royal Tenenbaums,R,Comedy,110
713,7.6,The Jungle Book,APPROVED,Animation,78
714,7.6,Thank You for Smoking,R,Comedy,92
715,7.6,Man Bites Dog,NC-17,Comedy,95
716,7.6,A Few Good Men,R,Drama,138
717,7.6,The Legend of Drunken Master,R,Action,102
718,7.6,The Kite Runner,PG-13,Drama,128
719,7.6,When Harry Met Sally...,R,Comedy,96
720,7.6,Munich,R,Drama,164
721,7.6,House of Sand and Fog,R,Drama,126
722,7.6,Lethal Weapon,R,Action,110
723,7.6,Animal House,R,Comedy,109
724,7.6,Lord of War,R,Crime,122
725,7.6,Blow,R,Biography,124
726,7.6,Sherlock Holmes,PG-13,Action,128
727,7.6,Harry Potter and the Goblet of Fire,PG-13,Adventure,157
728,7.6,La piel que habito,R,Thriller,120
729,7.6,The Crow,R,Action,102
730,7.6,West Side Story,UNRATED,Crime,152
731,7.6,The Thin Red Line,R,Drama,170
732,7.6,American Psycho,R,Crime,102
733,7.6,The Blind Swordsman: Zatoichi,R,Action,116
734,7.6,The Last Temptation of Christ,R,Drama,164
735,7.6,The Naked Gun: From the Files of Police Squad!,PG-13,Comedy,85
736,7.6,The Others,PG-13,Horror,104
737,7.6,The Party,PG,Comedy,99
738,7.6,Army of Darkness,R,Comedy,81
739,7.6,The Hurt Locker,R,Drama,131
740,7.6,The Raid: Redemption,R,Action,101
741,7.6,Volver,R,Comedy,121
742,7.6,Following,R,Mystery,69
743,7.6,Kung Fu Panda,PG,Animation,92
744,7.6,Mad Max 2: The Road Warrior,R,Action,94
745,7.6,Jusan-nin no shikaku,R,Action,141
746,7.6,The Man Who Wasn't There,R,Crime,116
747,7.6,The Counterfeiters,R,Crime,98
748,7.6,The Hunt for Red October,PG,Action,135
749,7.6,Lone Survivor,R,Action,121
750,7.6,A Fish Called Wanda,R,Comedy,108
751,7.6,The Impossible,PG-13,Drama,114
752,7.6,Garden State,R,Comedy,102
753,7.6,Escape from Alcatraz,PG,Action,112
754,7.6,Apollo 13,PG,Adventure,140
755,7.6,"Lust, Caution",NC-17,Drama,157
756,7.6,Selma,PG-13,Biography,128
757,7.6,Funny Games,UNRATED,Crime,108
758,7.6,The Abyss,PG-13,Adventure,139
759,7.6,Robin Hood,G,Animation,83
760,7.6,Enemy at the Gates,R,Drama,131
761,7.6,Falling Down,R,Crime,113
762,7.6,Little Children,R,Drama,136
763,7.6,Hunger,NOT RATED,Biography,96
764,7.6,Indiana Jones and the Temple of Doom,PG,Action,118
765,7.6,Ip Man 2,R,Action,108
766,7.6,The Little Mermaid,G,Animation,83
767,7.6,"It's a Mad, Mad, Mad, Mad World",APPROVED,Action,205
768,7.6,The Reader,R,Drama,124
769,7.6,The Omen,R,Horror,111
770,7.6,A Royal Affair,R,Drama,137
771,7.6,Braindead,R,Comedy,104
772,7.6,Secondhand Lions,PG,Comedy,109
773,7.6,Disconnect,R,Drama,115
774,7.6,A Single Man,R,Drama,99
775,7.6,Hoosiers,PG,Drama,114
776,7.6,Moneyball,PG-13,Biography,133
777,7.6,The Book Thief,PG-13,Drama,131
778,7.6,Die Hard: With a Vengeance,R,Action,131
779,7.6,Interview with the Vampire: The Vampire Chronicles,R,Horror,123
780,7.6,Midnight Run,R,Action,126
781,7.6,An American Werewolf in London,R,Comedy,97
782,7.6,The Great Debaters,PG-13,Biography,126
783,7.6,Tucker and Dale vs. Evil,R,Comedy,89
784,7.6,Dead Man Walking,R,Crime,122
785,7.6,The Piano,R,Drama,121
786,7.6,The Town,R,Crime,125
787,7.6,Rise of the Planet of the Apes,PG-13,Action,105
788,7.6,Boys Don't Cry,R,Biography,118
789,7.6,Ice Age,PG,Animation,81
790,7.6,Of Mice and Men,PG-13,Drama,115
791,7.6,Sideways,R,Comedy,126
792,7.6,High Fidelity,R,Comedy,113
793,7.6,The Meaning of Life,R,Comedy,107
794,7.6,Hugo,PG,Adventure,126
795,7.6,Leaving Las Vegas,R,Drama,111
796,7.6,The Evil Dead,NC-17,Horror,85
797,7.6,Collateral,R,Crime,120
798,7.6,"Planes, Trains & Automobiles",R,Comedy,93
799,7.6,Hodejegerne,R,Crime,100
800,7.6,Field of Dreams,PG,Drama,107
801,7.6,Batman,PG-13,Action,126
802,7.6,Tell No One,UNRATED,Crime,131
803,7.6,Ghost Dog: The Way of the Samurai,R,Action,116
804,7.6,Chaplin,PG-13,Biography,143
805,7.6,Keith,PG-13,Drama,93
806,7.6,Juno,PG-13,Comedy,96
807,7.6,The Assassination of Jesse James by the Coward Robert Ford,R,Biography,160
808,7.6,The Fisher King,R,Comedy,137
809,7.6,House of Flying Daggers,PG-13,Action,119
810,7.6,The Hours,PG-13,Drama,114
811,7.6,The Damned United,R,Biography,98
812,7.6,Star Trek: First Contact,PG-13,Action,111
813,7.6,The Natural,PG,Drama,138
814,7.6,The Hobbit: The Battle of the Five Armies,PG-13,Adventure,144
815,7.6,Equilibrium,R,Action,107
816,7.6,August Rush,PG,Drama,114
817,7.6,Saving Mr. Banks,PG-13,Biography,125
818,7.6,The Hurricane,R,Biography,146
819,7.6,Jacob's Ladder,R,Drama,113
820,7.6,The Curse of the Were-Rabbit,G,Animation,85
821,7.6,Christmas Vacation,PG-13,Comedy,97
822,7.5,"Good Night, and Good Luck.",PG,Drama,93
823,7.5,Straw Dogs,UNRATED,Crime,113
824,7.5,42,PG-13,Biography,128
825,7.5,Rudy,PG,Biography,114
826,7.5,Sleepers,R,Crime,147
827,7.5,The Wind That Shakes the Barley,NOT RATED,Drama,127
828,7.5,Gangs of New York,R,Crime,167
829,7.5,Elizabeth,R,Biography,124
830,7.5,Green Street Hooligans,R,Crime,109
831,7.5,Reign Over Me,R,Drama,124
832,7.5,RoboCop,R,Action,102
833,7.5,The Life of David Gale,R,Crime,130
834,7.5,Life as a House,R,Drama,125
835,7.5,Despicable Me 2,PG,Animation,98
836,7.5,Jackie Brown,R,Crime,154
837,7.5,Menace II Society,R,Crime,97
838,7.5,The Class,PG-13,Drama,128
839,7.5,Bullets Over Broadway,R,Comedy,98
840,7.5,American Splendor,R,Biography,101
841,7.5,Perfume: The Story of a Murderer,R,Crime,147
842,7.5,Cloud Atlas,R,Drama,172
843,7.5,Marathon Man,R,Crime,125
844,7.5,Pinocchio,APPROVED,Animation,88
845,7.5,The Painted Veil,PG-13,Drama,125
846,7.5,A Simple Plan,R,Crime,121
847,7.5,The Conjuring,R,Horror,112
848,7.5,The Man Who Knew Too Much,PG,Thriller,120
849,7.5,Quiz Show,PG-13,Drama,133
850,7.5,American Graffiti,PG,Comedy,110
851,7.5,The Bridges of Madison County,PG-13,Drama,135
852,7.5,Gallipoli,PG,Adventure,110
853,7.5,L'illusionniste,PG,Animation,80
854,7.5,Miracle,PG,Drama,135
855,7.5,Maria Full of Grace,R,Crime,101
856,7.5,Scott Pilgrim vs. the World,PG-13,Action,112
857,7.5,Pleasantville,PG-13,Comedy,124
858,7.5,Sherlock Holmes: A Game of Shadows,PG-13,Action,129
859,7.5,Doubt,PG-13,Drama,104
860,7.5,The Fly,R,Horror,96
861,7.5,The Orphanage,R,Drama,105
862,7.5,Malena,R,Drama,109
863,7.5,Three Days of the Condor,R,Mystery,117
864,7.5,[Rec],R,Horror,78
865,7.5,A Perfect World,PG-13,Crime,138
866,7.5,To Catch a Thief,APPROVED,Mystery,106
867,7.5,Best in Show,PG-13,Comedy,90
868,7.5,Everything Is Illuminated,PG-13,Comedy,106
869,7.5,A Nightmare on Elm Street,R,Horror,91
870,7.5,The Ice Storm,R,Drama,112
871,7.5,X2,PG-13,Action,134
872,7.5,We Need to Talk About Kevin,R,Drama,112
873,7.5,Felon,R,Crime,104
874,7.5,Still Alice,PG-13,Drama,101
875,7.5,Rust and Bone,R,Drama,120
876,7.5,Freedom Writers,PG-13,Biography,123
877,7.5,Legends of the Fall,R,Drama,133
878,7.5,Buffalo '66,R,Comedy,110
879,7.5,The Constant Gardener,R,Drama,129
880,7.5,My Cousin Vinny,R,Comedy,120
881,7.5,The Texas Chain Saw Massacre,R,Horror,83
882,7.5,Mulan,G,Animation,88
883,7.5,A History of Violence,R,Crime,96
884,7.5,Open Range,R,Action,139
885,7.5,Total Recall,R,Action,113
886,7.5,Pi,R,Drama,84
887,7.5,The Devil's Backbone,R,Drama,106
888,7.5,The Aviator,PG-13,Biography,170
889,7.5,Devil's Advocate,R,Drama,144
890,7.5,"The Adventures of Priscilla, Queen of the Desert",R,Comedy,104
891,7.5,Harry Potter and the Half-Blood Prince,PG,Adventure,153
892,7.5,Fruitvale Station,R,Biography,85
893,7.5,In the Bedroom,R,Crime,130
894,7.5,Source Code,PG-13,Mystery,93
895,7.5,Biutiful,R,Drama,148
896,7.5,From Russia with Love,APPROVED,Action,115
897,7.5,Calvary,R,Drama,102
898,7.5,The Mission,PG,Adventure,125
899,7.5,In the Loop,NOT RATED,Comedy,106
900,7.5,The Three Burials of Melquiades Estrada,R,Adventure,121
901,7.5,Babel,R,Drama,143
902,7.5,Frenzy,R,Thriller,116
903,7.5,Heavenly Creatures,R,Biography,99
904,7.5,Sweeney Todd: The Demon Barber of Fleet Street,R,Drama,116
905,7.5,Dracula,R,Horror,128
906,7.5,Looper,R,Action,119
907,7.5,The Proposition,R,Crime,104
908,7.5,Bullitt,PG,Action,114
909,7.5,Harry Potter and the Sorcerer's Stone,PG,Adventure,152
910,7.5,2046,R,Drama,129
911,7.5,Transamerica,R,Adventure,103
912,7.5,Smoke,R,Comedy,112
913,7.5,Suspiria,X,Horror,92
914,7.5,The Judge,R,Drama,141
915,7.5,Bad Education,NC-17,Crime,106
916,7.5,Up in the Air,R,Drama,109
917,7.5,Begin Again,R,Drama,104
918,7.5,Running Scared,R,Action,122
919,7.5,Ghost World,R,Comedy,111
920,7.5,Witness,R,Crime,112
921,7.5,Trading Places,R,Comedy,116
922,7.5,Mud,PG-13,Drama,130
923,7.5,Across the Universe,PG-13,Drama,133
924,7.5,Les Miserables,PG-13,Crime,134
925,7.5,Notes on a Scandal,R,Drama,92
926,7.5,Inside Llewyn Davis,R,Drama,104
927,7.5,Brick,R,Crime,110
928,7.5,Clerks II,R,Comedy,97
929,7.5,Say Anything...,PG-13,Comedy,100
930,7.4,Man on the Moon,R,Biography,118
931,7.4,Mean Streets,R,Crime,112
932,7.4,Harry Potter and the Order of the Phoenix,PG-13,Adventure,138
933,7.4,Beetlejuice,PG,Comedy,92
934,7.4,"Crazy, Stupid, Love.",PG-13,Comedy,118
935,7.4,Excalibur,R,Adventure,140
936,7.4,True Grit,,Adventure,128
937,7.4,Labyrinth,PG,Adventure,101
938,7.4,Alice in Wonderland,G,Animation,75
939,7.4,Predestination,R,Drama,97
940,7.4,Much Ado About Nothing,PG-13,Comedy,111
941,7.4,A Bridge Too Far,PG,Drama,175
942,7.4,Raising Arizona,PG-13,Comedy,94
943,7.4,The Bucket List,PG-13,Adventure,97
944,7.4,Terms of Endearment,R,Comedy,132
945,7.4,Take Shelter,R,Drama,120
946,7.4,Far from Heaven,PG-13,Drama,107
947,7.4,Eraserhead,UNRATED,Drama,89
948,7.4,Frances Ha,R,Comedy,86
949,7.4,Home Alone,PG,Comedy,103
950,7.4,Bound,R,Crime,108
951,7.4,Sleepy Hollow,R,Drama,105
952,7.4,Pirate Radio,R,Comedy,117
953,7.4,The NeverEnding Story,PG,Adventure,102
954,7.4,X-Men,PG-13,Action,104
955,7.4,Zero Dark Thirty,R,Drama,157
956,7.4,Manhattan Murder Mystery,PG,Comedy,104
957,7.4,National Lampoon's Vacation,R,Comedy,98
958,7.4,My Sister's Keeper,PG-13,Drama,109
959,7.4,Deconstructing Harry,R,Comedy,96
960,7.4,The Way Way Back,PG-13,Comedy,103
961,7.4,Capote,R,Biography,114
962,7.4,Driving Miss Daisy,PG,Comedy,99
963,7.4,La Femme Nikita,R,Action,118
964,7.4,Lincoln,PG-13,Biography,150
965,7.4,Limitless,PG-13,Mystery,105
966,7.4,The Simpsons Movie,PG-13,Animation,87
967,7.4,The Rock,R,Action,136
968,7.4,The English Patient,R,Drama,162
969,7.4,Law Abiding Citizen,R,Crime,109
970,7.4,Wonder Boys,R,Drama,107
971,7.4,Death at a Funeral,R,Comedy,90
972,7.4,Blue Valentine,NC-17,Drama,112
973,7.4,The Cider House Rules,PG-13,Drama,126
974,7.4,Tootsie,PG,Comedy,116
975,7.4,Back to the Future Part III,PG,Adventure,118
976,7.4,Master and Commander: The Far Side of the World,PG-13,Action,138
977,7.4,Poltergeist,PG,Horror,114
978,7.4,Wall Street,R,Crime,126
